{
  "name": "Default Comprehensive Strategy",
  "description": "A default strategy that performs reconnaissance, vulnerability scanning, and reporting.",
  "stop_on_failure": false,
  "pipeline": [
    {
      "agent": "recon",
      "name": "Initial Reconnaissance",
      "params": {
        "enable_subdomain_bruteforce": true,
        "port_scan_intensity": "full"
      }
    },
    {
      "agent": "vuln_scan",
      "name": "Automated Vulnerability Scanning",
      "params": {
        "use_all_templates": true
      }
    },
    {
      "agent": "report",
      "name": "Generate Final Report",
      "params": {
        "report_title": "Comprehensive Security Assessment"
      }
    }
  ]
}
