{
  "scan_intensity": "normal",
  "max_processes": 8,
  "max_scan_time": 7200,
  "memory_limit_mb": 4096,
  "ai_learning_rate": 0.01,
  "ai_training_epochs": 50,
  "ai_batch_size": 32,
  "api_keys": {
    "shodan": "",
    "censys": "",
    "virustotal": "",
    "hunterio": "",
    "github": "",
    "openai": "",
    "gemini": "",
    "wpscan": ""
  },
  "wordlists": {
    "directory": "/usr/share/wordlists/SecLists/Discovery/Web-Content/",
    "subdomain": "/usr/share/wordlists/SecLists/Discovery/DNS/",
    "fuzzing": "/usr/share/wordlists/SecLists/Fuzzing/"
  },
  "tool_settings": {
    "enable_assetfinder": true,
    "enable_sublist3r": true,
    "enable_nmap": true,
    "enable_whatweb": true,
    "enable_ffuf": true,
    "enable_nuclei": true,
    "enable_theHarvester": true,
    "enable_gobuster": true,
    "enable_amass": true,
    "enable_subfinder": true,
    "enable_httpx": true,
    "enable_gau": true,
    "enable_waybackurls": true,
    "enable_naabu": true,
    "enable_dalfox": true,
    "enable_sqlmap": true,
    "enable_nikto": true,
    "enable_wafw00f": true,
    "enable_wpscan": true,
    "enable_sslyze": true,
    "enable_katana": true,
    "enable_gospider": true,
    "enable_aquatone": true,
    "enable_unfurl": true,
    "enable_subjack": true,
    "enable_eyewitness": true
  }
}
